ID,Type,Electricity (kWh/month),Cooking Fuel (kg/month),No of Cylinders,Water Heating (kWh/month),Waste (kg/month),Private Transportation (km/month),Electricity Emissions (kg CO₂/month),Cooking Emissions (kg CO₂/month),Transportation Emissions (kg CO₂/month),Waste Emissions (kg CO₂/month),Total Emissions (kg CO₂/month),AQI
Household_1,Household,379,19,1.357,40,27,488,310.78,56.677,75.152,5.4,450.7744366689266,296
Household_2,Household,220,11,0.786,55,38,514,180.39999999999998,32.813,79.156,7.6000000000000005,307.9639925350415,296
Household_3,Household,274,15,1.071,53,40,399,224.67999999999998,44.745000000000005,61.446000000000005,8.0,332.46606565230815,296
Household_4,Household,303,28,2.0,32,40,557,248.45999999999998,83.524,85.778,8.0,427.4459519247525,296
Household_5,Household,287,16,1.143,59,25,491,235.33999999999997,47.728,75.614,5.0,351.769098607122,296
Household_6,Household,387,25,1.786,30,31,321,317.34,74.575,49.434,6.2,448.17585396886864,296
Household_7,Household,288,21,1.5,56,29,487,236.16,62.643,74.998,5.800000000000001,380.48746697398013,296
Household_8,Household,214,19,1.357,59,38,354,175.48,56.677,54.516000000000005,7.6000000000000005,311.4942860568497,296
Household_9,Household,263,29,2.071,32,24,434,215.66,86.507,66.836,4.800000000000001,371.51317138509756,296
Household_10,Household,220,13,0.929,36,37,388,180.39999999999998,38.779,59.752,7.4,287.23142837653285,296
Household_11,Household,259,18,1.286,47,28,352,212.38,53.694,54.208,5.6000000000000005,328.2516141571205,296
Household_12,Household,329,24,1.714,57,34,563,269.78,71.592,86.702,6.800000000000001,430.32579684111545,296
Household_13,Household,374,7,0.5,43,36,349,306.68,20.881,53.746,7.2,380.48207266788353,296
Household_14,Household,303,8,0.571,31,25,353,248.45999999999998,23.864,54.362,5.0,344.6741132484705,296
Household_15,Household,305,8,0.571,51,37,517,250.1,23.864,79.61800000000001,7.4,351.172825570397,296
Household_16,Household,243,6,0.429,39,23,569,199.26,17.898,87.62599999999999,4.6000000000000005,296.10481928312726,296
Household_17,Household,294,20,1.429,44,27,514,241.07999999999998,59.660000000000004,79.156,5.4,392.0986537929548,296
Household_18,Household,389,12,0.857,50,35,536,318.97999999999996,35.796,82.54400000000001,7.0,455.89814842024003,296
Household_19,Household,281,19,1.357,50,32,340,230.42,56.677,52.36000000000001,6.4,341.34290342399356,296
Household_20,Household,356,19,1.357,42,20,308,291.91999999999996,56.677,47.432,4.0,395.6684651235012,296
Household_21,Household,287,5,0.357,41,27,362,235.33999999999997,14.915000000000001,55.748,5.4,314.2284352610679,296
Household_22,Household,338,23,1.643,46,27,462,277.15999999999997,68.60900000000001,71.14800000000001,5.4,415.2384732325682,296
Household_23,Household,362,5,0.357,56,24,530,296.84,14.915000000000001,81.62,4.800000000000001,390.35787479388034,296
Household_24,Household,240,11,0.786,38,27,567,196.79999999999998,32.813,87.318,5.4,331.1269258798636,296
Household_25,Household,361,5,0.357,45,24,398,296.02,14.915000000000001,61.29200000000001,4.800000000000001,383.09831100783623,296
Household_26,Household,371,12,0.857,51,22,526,304.21999999999997,35.796,81.004,4.4,438.531588863181,296
Household_27,Household,300,19,1.357,43,22,556,245.99999999999997,56.677,85.62400000000001,4.4,380.175109876345,296
Household_28,Household,204,30,2.143,52,33,582,167.28,89.49000000000001,89.628,6.6000000000000005,347.9733751308938,296
Household_29,Household,336,19,1.357,44,29,478,275.52,56.677,73.61200000000001,5.800000000000001,414.4207956226946,296
Household_30,Household,262,11,0.786,46,39,395,214.83999999999997,32.813,60.83,7.800000000000001,307.0267915022563,296
Household_31,Household,331,9,0.643,52,26,536,271.41999999999996,26.847,82.54400000000001,5.2,392.4278743715464,296
Household_32,Household,342,15,1.071,58,23,312,280.44,44.745000000000005,48.048,4.6000000000000005,390.07927087226335,296
Household_33,Household,359,11,0.786,56,38,385,294.38,32.813,59.290000000000006,7.6000000000000005,388.24942027772653,296
Household_34,Household,227,6,0.429,39,32,361,186.14,17.898,55.594,6.4,266.4179194022703,296
Household_35,Household,384,25,1.786,35,31,343,314.88,74.575,52.822,6.2,463.03318690081113,296
Household_36,Household,283,15,1.071,55,26,489,232.05999999999997,44.745000000000005,75.30600000000001,5.2,375.30371575018995,296
Household_37,Household,328,29,2.071,56,39,532,268.96,86.507,81.92800000000001,7.800000000000001,452.653012510604,296
Household_38,Household,202,11,0.786,35,27,436,165.64,32.813,67.144,5.4,276.931291731936,296
Household_39,Household,261,9,0.643,30,38,533,214.01999999999998,26.847,82.082,7.6000000000000005,322.01163465315085,296
Household_40,Household,371,28,2.0,44,28,479,304.21999999999997,83.524,73.766,5.6000000000000005,470.70209400457844,296
Household_41,Household,312,21,1.5,55,39,567,255.83999999999997,62.643,87.318,7.800000000000001,419.1692084077499,296
Household_42,Household,238,6,0.429,32,36,400,195.16,17.898,61.6,7.2,279.75429841438955,296
Household_43,Household,312,28,2.0,46,36,301,255.83999999999997,83.524,46.354,7.2,386.97023745444335,296
Household_44,Household,329,26,1.857,52,24,523,269.78,77.558,80.542,4.800000000000001,419.86702326523147,296
Household_45,Household,328,23,1.643,59,21,352,268.96,68.60900000000001,54.208,4.2,378.599702449487,296
Household_46,Household,371,30,2.143,35,23,502,304.21999999999997,89.49000000000001,77.308,4.6000000000000005,456.13916486678835,296
Household_47,Household,383,21,1.5,60,25,579,314.06,62.643,89.16600000000001,5.0,476.66342572867256,296
Household_48,Household,268,24,1.714,31,25,539,219.76,71.592,83.006,5.0,380.83499325226774,296
Household_49,Household,343,5,0.357,38,25,558,281.26,14.915000000000001,85.932,5.0,382.26888868458906,296
Household_50,Household,347,8,0.571,48,22,446,284.53999999999996,23.864,68.684,4.4,378.17343702275355,296
Household_51,Household,347,11,0.786,49,28,427,284.53999999999996,32.813,65.758,5.6000000000000005,390.8157054153048,296
Household_52,Household,238,22,1.571,37,20,566,195.16,65.626,87.164,4.0,350.30436928991406,296
Household_53,Household,384,29,2.071,47,29,398,314.88,86.507,61.29200000000001,5.800000000000001,455.0734681999618,296
Household_54,Household,206,20,1.429,55,35,359,168.92,59.660000000000004,55.286,7.0,299.996002202743,296
Household_55,Household,312,6,0.429,30,35,553,255.83999999999997,17.898,85.162,7.0,368.94126170669807,296
Household_56,Household,339,9,0.643,34,28,532,277.97999999999996,26.847,81.92800000000001,5.6000000000000005,395.01398479813844,296
Household_57,Household,298,23,1.643,45,35,430,244.35999999999999,68.60900000000001,66.22,7.0,394.5646270335837,296
Household_58,Household,347,28,2.0,51,20,415,284.53999999999996,83.524,63.910000000000004,4.0,427.83754643940324,296
Household_59,Household,274,21,1.5,37,23,403,224.67999999999998,62.643,62.062000000000005,4.6000000000000005,366.1223143772584,296
Household_60,Household,283,7,0.5,45,22,452,232.05999999999997,20.881,69.608,4.4,325.54857148057755,296
Household_61,Household,292,22,1.571,43,37,493,239.44,65.626,75.922,7.4,397.2739888033088,296
Household_62,Household,253,7,0.5,45,28,460,207.45999999999998,20.881,70.84,5.6000000000000005,312.12549033487653,296
Household_63,Household,267,5,0.357,43,40,434,218.94,14.915000000000001,66.836,8.0,298.3029817199744,296
Household_64,Household,394,21,1.5,30,35,321,323.08,62.643,49.434,7.0,447.1860040491413,296
Household_65,Household,357,10,0.714,35,32,350,292.74,29.830000000000002,53.9,6.4,386.1327467084668,296
Household_66,Household,381,12,0.857,56,21,576,312.41999999999996,35.796,88.704,4.2,441.4231165749434,296
Household_67,Household,229,5,0.357,57,34,446,187.78,14.915000000000001,68.684,6.800000000000001,277.23528249964625,296
Household_68,Household,203,7,0.5,46,36,471,166.45999999999998,20.881,72.53399999999999,7.2,266.21606750282206,296
Household_69,Household,357,18,1.286,50,25,398,292.74,53.694,61.29200000000001,5.0,420.85289425644004,296
Household_70,Household,323,13,0.929,34,36,480,264.85999999999996,38.779,73.92,7.2,390.53810513791507,296
Household_71,Household,294,7,0.5,57,20,415,241.07999999999998,20.881,63.910000000000004,4.0,330.1757885026567,296
Household_72,Household,390,25,1.786,52,20,555,319.79999999999995,74.575,85.47,4.0,468.92563853528617,296
Household_73,Household,266,22,1.571,54,29,522,218.11999999999998,65.626,80.38799999999999,5.800000000000001,374.87843414083613,296
Household_74,Household,253,30,2.143,32,27,473,207.45999999999998,89.49000000000001,72.842,5.4,382.42813619177775,296
Household_75,Household,223,22,1.571,44,21,426,182.85999999999999,65.626,65.604,4.2,341.29410085446966,296
Household_76,Household,354,14,1.0,31,36,403,290.28,41.762,62.062000000000005,7.2,412.05833063105035,296
Household_77,Household,360,13,0.929,40,35,338,295.2,38.779,52.05200000000001,7.0,374.0392361208453,296
Household_78,Household,369,27,1.929,55,22,312,302.58,80.541,48.048,4.4,436.3532939901864,296
Household_79,Household,259,30,2.143,36,23,472,212.38,89.49000000000001,72.688,4.6000000000000005,397.2717502866498,296
Household_80,Household,219,5,0.357,37,33,441,179.57999999999998,14.915000000000001,67.914,6.6000000000000005,275.24448856901637,296
Household_81,Household,314,27,1.929,44,21,587,257.47999999999996,80.541,90.398,4.2,435.90552160373204,296
Household_82,Household,390,26,1.857,48,36,479,319.79999999999995,77.558,73.766,7.2,487.3262865891523,296
Household_83,Household,369,10,0.714,44,30,400,302.58,29.830000000000002,61.6,6.0,393.786218050092,296
Household_84,Household,207,25,1.786,57,31,407,169.73999999999998,74.575,62.678,6.2,317.97389996627453,296
Household_85,Household,204,11,0.786,33,25,346,167.28,32.813,53.284,5.0,255.8723196100809,296
Household_86,Household,298,27,1.929,37,39,443,244.35999999999999,80.541,68.22200000000001,7.800000000000001,400.7267651418952,296
Household_87,Household,212,22,1.571,57,29,457,173.84,65.626,70.378,5.800000000000001,323.9285451569511,296
Household_88,Household,346,21,1.5,53,38,391,283.71999999999997,62.643,60.214,7.6000000000000005,404.90986897507815,296
Household_89,Household,257,27,1.929,55,24,416,210.73999999999998,80.541,64.06400000000001,4.800000000000001,373.0248247380194,296
Household_90,Household,261,27,1.929,60,28,428,214.01999999999998,80.541,65.912,5.6000000000000005,361.8448803891445,296
Household_91,Household,257,30,2.143,30,34,589,210.73999999999998,89.49000000000001,90.706,6.800000000000001,400.3426283315041,296
Household_92,Household,295,26,1.857,45,27,536,241.89999999999998,77.558,82.54400000000001,5.4,393.3969203972505,296
Household_93,Household,316,5,0.357,45,26,491,259.12,14.915000000000001,75.614,5.2,362.0473729087139,296
Household_94,Household,390,9,0.643,51,22,375,319.79999999999995,26.847,57.75,4.4,423.2620393594657,296
Household_95,Household,353,20,1.429,48,24,385,289.46,59.660000000000004,59.290000000000006,4.800000000000001,408.0635845078186,296
Household_96,Household,384,18,1.286,57,24,346,314.88,53.694,53.284,4.800000000000001,415.555766134904,296
Household_97,Household,293,18,1.286,59,39,503,240.26,53.694,77.462,7.800000000000001,381.9958306474271,296
Household_98,Household,343,30,2.143,55,35,338,281.26,89.49000000000001,52.05200000000001,7.0,444.35010644991746,296
Household_99,Household,299,5,0.357,59,24,322,245.17999999999998,14.915000000000001,49.587999999999994,4.800000000000001,299.98443434519095,296
Household_100,Household,209,26,1.857,34,23,589,171.38,77.558,90.706,4.6000000000000005,333.1809181877166,296
Household_101,Household,379,14,1.0,55,38,395,310.78,41.762,60.83,7.6000000000000005,416.43010441688483,296
Household_102,Household,200,28,2.0,34,32,303,164.0,83.524,46.662,6.4,292.382561754693,296
Household_103,Household,215,28,2.0,45,21,459,176.29999999999998,83.524,70.686,4.2,326.53814533391005,296
Household_104,Household,283,28,2.0,41,37,462,232.05999999999997,83.524,71.14800000000001,7.4,373.19079372336216,296
Household_105,Household,323,5,0.357,30,38,400,264.85999999999996,14.915000000000001,61.6,7.6000000000000005,354.8655694740587,296
Household_106,Household,211,7,0.5,30,20,467,173.01999999999998,20.881,71.918,4.0,273.20620502869633,296
Household_107,Household,273,15,1.071,41,32,311,223.85999999999999,44.745000000000005,47.894000000000005,6.4,305.91050800196354,296
Household_108,Household,294,18,1.286,31,38,541,241.07999999999998,53.694,83.31400000000001,7.6000000000000005,400.2599575995625,296
Household_109,Household,234,27,1.929,46,27,392,191.88,80.541,60.368,5.4,354.99992314930483,296
Household_110,Household,353,14,1.0,55,21,414,289.46,41.762,63.75600000000001,4.2,391.6689445021989,296
Household_111,Household,304,11,0.786,33,40,413,249.27999999999997,32.813,63.602000000000004,8.0,365.36048590977,296
Household_112,Household,274,28,2.0,33,40,548,224.67999999999998,83.524,84.392,8.0,394.8660219500905,296
Household_113,Household,363,14,1.0,34,28,491,297.65999999999997,41.762,75.614,5.6000000000000005,422.4471651021106,296
Household_114,Household,376,7,0.5,45,23,395,308.32,20.881,60.83,4.6000000000000005,386.2733786497909,296
Household_115,Household,351,27,1.929,59,24,567,287.82,80.541,87.318,4.800000000000001,482.62151523462273,296
Household_116,Household,312,27,1.929,42,22,585,255.83999999999997,80.541,90.09,4.4,427.91082772670103,296
Household_117,Household,216,21,1.5,59,39,516,177.11999999999998,62.643,79.464,7.800000000000001,328.29149022823464,296
Household_118,Household,285,17,1.214,56,38,476,233.7,50.711,73.304,7.6000000000000005,358.4356261253618,296
Household_119,Household,299,16,1.143,58,28,375,245.17999999999998,47.728,57.75,5.6000000000000005,374.8711559723639,296
Household_120,Household,208,11,0.786,57,33,522,170.56,32.813,80.38799999999999,6.6000000000000005,309.2271464608941,296
Household_121,Household,327,24,1.714,48,34,443,268.14,71.592,68.22200000000001,6.800000000000001,431.06329181262936,296
Household_122,Household,316,9,0.643,32,31,324,259.12,26.847,49.89600000000001,6.2,351.6274034834762,296
Household_123,Household,379,25,1.786,33,40,450,310.78,74.575,69.3,8.0,456.40710453065947,296
Household_124,Household,343,29,2.071,36,32,480,281.26,86.507,73.92,6.4,456.36550095962417,296
Household_125,Household,241,30,2.143,36,33,522,197.61999999999998,89.49000000000001,80.38799999999999,6.6000000000000005,374.02757201075264,296
Household_126,Household,321,9,0.643,32,30,445,263.21999999999997,26.847,68.53,6.0,377.7210862174263,296
Household_127,Household,275,13,0.929,39,31,552,225.5,38.779,85.008,6.2,366.6460205336536,296
Household_128,Household,206,18,1.286,42,27,469,168.92,53.694,72.226,5.4,293.7473442192407,296
Household_129,Household,336,22,1.571,56,21,304,275.52,65.626,46.815999999999995,4.2,401.6402580283721,296
Household_130,Household,228,9,0.643,35,38,435,186.95999999999998,26.847,66.99,7.6000000000000005,295.21734450043925,296
Household_131,Household,308,5,0.357,51,39,444,252.55999999999997,14.915000000000001,68.376,7.800000000000001,315.9153713708655,296
Household_132,Household,270,29,2.071,42,23,591,221.39999999999998,86.507,91.014,4.6000000000000005,411.53036639629465,296
Household_133,Household,269,23,1.643,58,31,481,220.57999999999998,68.60900000000001,74.07400000000001,6.2,365.1450421135979,296
Household_134,Household,366,14,1.0,55,38,338,300.12,41.762,52.05200000000001,7.6000000000000005,392.6735754566833,296
Household_135,Household,325,7,0.5,42,32,541,266.5,20.881,83.31400000000001,6.4,368.66239395706253,296
Household_136,Household,325,30,2.143,49,27,300,266.5,89.49000000000001,46.2,5.4,406.2375710436797,296
Household_137,Household,330,17,1.214,57,36,416,270.59999999999997,50.711,64.06400000000001,7.2,397.37559580086685,296
Household_138,Household,333,30,2.143,41,32,459,273.06,89.49000000000001,70.686,6.4,425.9813797780782,296
Household_139,Household,372,19,1.357,50,35,512,305.03999999999996,56.677,78.848,7.0,449.46347836212465,296
Household_140,Household,363,7,0.5,48,39,346,297.65999999999997,20.881,53.284,7.800000000000001,385.39258066193065,296
Household_141,Household,248,18,1.286,44,20,353,203.35999999999999,53.694,54.362,4.0,334.0340578366963,296
Household_142,Household,317,7,0.5,45,30,311,259.94,20.881,47.894000000000005,6.0,323.94809830774875,296
Household_143,Household,273,20,1.429,37,25,455,223.85999999999999,59.660000000000004,70.07,5.0,355.09387813222196,296
Household_144,Household,316,12,0.857,55,23,389,259.12,35.796,59.906,4.6000000000000005,362.0386297269648,296
Household_145,Household,335,30,2.143,57,37,327,274.7,89.49000000000001,50.358000000000004,7.4,433.42209330191605,296
Household_146,Household,300,13,0.929,33,36,500,245.99999999999997,38.779,77.00000000000001,7.2,365.9367611882818,296
Household_147,Household,360,25,1.786,49,32,519,295.2,74.575,79.926,6.4,468.08741371991044,296
Household_148,Household,356,17,1.214,43,22,552,291.91999999999996,50.711,85.008,4.4,412.66537683523535,296
Household_149,Household,333,22,1.571,48,24,309,273.06,65.626,47.586000000000006,4.800000000000001,378.5385180687812,296
Household_150,Household,255,22,1.571,56,32,304,209.1,65.626,46.815999999999995,6.4,331.42844344334213,296
Household_151,Household,318,28,2.0,30,20,445,260.76,83.524,68.53,4.0,402.7057550191212,296
Household_152,Household,376,15,1.071,50,36,397,308.32,44.745000000000005,61.138,7.2,409.6582947323328,296
Household_153,Household,304,7,0.5,60,20,305,249.27999999999997,20.881,46.97,4.0,315.8532313575406,296
Household_154,Household,396,9,0.643,35,22,322,324.71999999999997,26.847,49.587999999999994,4.4,413.2693899191582,296
Household_155,Household,252,9,0.643,39,29,382,206.64,26.847,58.827999999999996,5.800000000000001,279.1553515869271,296
Household_156,Household,344,25,1.786,43,28,300,282.08,74.575,46.2,5.6000000000000005,410.15798362162394,296
Household_157,Household,250,17,1.214,42,23,587,205.0,50.711,90.398,4.6000000000000005,361.03863947152814,296
Household_158,Household,233,12,0.857,36,21,417,191.06,35.796,64.218,4.2,293.3245479157104,296
Household_159,Household,202,22,1.571,41,20,353,165.64,65.626,54.362,4.0,285.9396977040746,296
Household_160,Household,332,29,2.071,46,35,554,272.24,86.507,85.31599999999999,7.0,455.08071282558575,296
Household_161,Household,246,27,1.929,44,24,365,201.72,80.541,56.21,4.800000000000001,341.34988947278555,296
Household_162,Household,274,23,1.643,36,25,491,224.67999999999998,68.60900000000001,75.614,5.0,387.8079978124075,296
Household_163,Household,237,22,1.571,31,37,585,194.33999999999997,65.626,90.09,7.4,346.34186987865564,296
Household_164,Household,278,23,1.643,60,21,548,227.95999999999998,68.60900000000001,84.392,4.2,384.6445584483491,296
Household_165,Household,365,5,0.357,53,34,329,299.29999999999995,14.915000000000001,50.666000000000004,6.800000000000001,373.73786374960684,296
Household_166,Household,305,23,1.643,46,24,584,250.1,68.60900000000001,89.93599999999999,4.800000000000001,409.6604594815354,296
Household_167,Household,331,14,1.0,53,36,572,271.41999999999996,41.762,88.088,7.2,379.75717337042533,296
Household_168,Household,283,28,2.0,34,21,561,232.05999999999997,83.524,86.394,4.2,404.568950919508,296
Household_169,Household,252,6,0.429,42,30,342,206.64,17.898,52.668000000000006,6.0,292.20776986912466,296
Household_170,Household,314,19,1.357,54,35,394,257.47999999999996,56.677,60.676,7.0,389.61409186126014,296
Household_171,Household,317,20,1.429,37,23,483,259.94,59.660000000000004,74.382,4.6000000000000005,402.12978482170206,296
Household_172,Household,224,7,0.5,32,37,360,183.67999999999998,20.881,55.44,7.4,256.42237641650775,296
Household_173,Household,321,23,1.643,48,40,304,263.21999999999997,68.60900000000001,46.815999999999995,8.0,390.59809462458475,296
Household_174,Household,291,14,1.0,58,40,300,238.61999999999998,41.762,46.2,8.0,328.84762178457754,296
Household_175,Household,332,13,0.929,41,33,333,272.24,38.779,51.282,6.6000000000000005,372.43582905948665,296
Household_176,Household,376,18,1.286,55,32,372,308.32,53.694,57.288000000000004,6.4,426.9170501140172,296
Household_177,Household,225,29,2.071,44,34,355,184.5,86.507,54.67,6.800000000000001,322.7132472871663,296
Household_178,Household,293,15,1.071,60,35,360,240.26,44.745000000000005,55.44,7.0,338.52044160643095,296
Household_179,Household,280,30,2.143,33,20,307,229.6,89.49000000000001,47.278,4.0,373.9182245442152,296
Household_180,Household,312,7,0.5,58,39,506,255.83999999999997,20.881,77.924,7.800000000000001,360.233869047115,296
Household_181,Household,246,28,2.0,51,33,327,201.72,83.524,50.358000000000004,6.6000000000000005,333.79918569342874,296
Household_182,Household,277,28,2.0,31,32,453,227.14,83.524,69.762,6.4,377.5976981027316,296
Household_183,Household,213,28,2.0,48,26,302,174.66,83.524,46.508,5.2,306.8536915201378,296
Household_184,Household,310,27,1.929,43,30,538,254.2,80.541,82.852,6.0,439.27404794718205,296
Household_185,Household,217,30,2.143,35,22,314,177.94,89.49000000000001,48.356,4.4,314.92521967788036,296
Household_186,Household,391,29,2.071,52,24,327,320.62,86.507,50.358000000000004,4.800000000000001,462.14480461742414,296
Household_187,Household,238,29,2.071,46,26,385,195.16,86.507,59.290000000000006,5.2,347.17344287689514,296
Household_188,Household,325,16,1.143,54,36,312,266.5,47.728,48.048,7.2,358.1657360850806,296
Household_189,Household,224,8,0.571,39,22,532,183.67999999999998,23.864,81.92800000000001,4.4,276.243675161573,296
Household_190,Household,308,22,1.571,44,23,410,252.55999999999997,65.626,63.14,4.6000000000000005,375.6595926526427,296
Household_191,Household,233,19,1.357,37,27,535,191.06,56.677,82.39,5.4,337.997773778063,296
Household_192,Household,282,14,1.0,38,24,305,231.23999999999998,41.762,46.97,4.800000000000001,325.64531057915406,296
Household_193,Household,379,30,2.143,31,32,528,310.78,89.49000000000001,81.31200000000001,6.4,495.0060656915106,296
Household_194,Household,320,5,0.357,50,40,497,262.4,14.915000000000001,76.538,8.0,362.8204989495912,296
Household_195,Household,269,27,1.929,45,23,394,220.57999999999998,80.541,60.676,4.6000000000000005,365.30150708530795,296
Household_196,Household,351,27,1.929,38,22,542,287.82,80.541,83.468,4.4,450.1888772507487,296
Household_197,Household,230,12,0.857,34,23,522,188.6,35.796,80.38799999999999,4.6000000000000005,318.23006789862694,296
Household_198,Household,205,6,0.429,49,30,303,168.1,17.898,46.662,6.0,229.46819861279283,296
Household_199,Household,278,10,0.714,51,36,393,227.95999999999998,29.830000000000002,60.522,7.2,314.40800482703975,296
Household_200,Household,378,29,2.071,31,34,502,309.96,86.507,77.308,6.800000000000001,486.24555517388103,296
Household_201,Household,335,30,2.143,48,32,599,274.7,89.49000000000001,92.246,6.4,449.5044268934634,296
Household_202,Household,332,10,0.714,55,23,574,272.24,29.830000000000002,88.396,4.6000000000000005,419.2139099865864,296
Household_203,Household,219,21,1.5,41,34,300,179.57999999999998,62.643,46.2,6.800000000000001,296.02293380559144,296
Household_204,Household,289,18,1.286,35,24,438,236.98,53.694,67.452,4.800000000000001,366.40506116324883,296
Household_205,Household,299,17,1.214,40,22,460,245.17999999999998,50.711,70.84,4.4,363.0468017547661,296
Household_206,Household,333,22,1.571,53,29,560,273.06,65.626,86.24000000000001,5.800000000000001,427.5733515575846,296
Household_207,Household,350,14,1.0,41,21,312,287.0,41.762,48.048,4.2,376.7424288311764,296
Household_208,Household,367,6,0.429,49,20,400,300.94,17.898,61.6,4.0,379.0196501233136,296
Household_209,Household,272,21,1.5,38,30,337,223.04,62.643,51.897999999999996,6.0,349.9106175150983,296
Household_210,Household,362,21,1.5,34,31,436,296.84,62.643,67.144,6.2,428.33123961774714,296
Household_211,Household,361,16,1.143,32,22,300,296.02,47.728,46.2,4.4,404.5230122908418,296
Household_212,Household,239,26,1.857,57,27,566,195.98,77.558,87.164,5.4,392.73382350119823,296
Household_213,Household,304,9,0.643,43,22,512,249.27999999999997,26.847,78.848,4.4,356.41958759853446,296
Household_214,Household,364,9,0.643,48,33,361,298.47999999999996,26.847,55.594,6.6000000000000005,389.0441551357662,296
Household_215,Household,331,29,2.071,42,29,388,271.41999999999996,86.507,59.752,5.800000000000001,427.27382057165505,296
Household_216,Household,345,12,0.857,37,26,403,282.9,35.796,62.062000000000005,5.2,404.07304812593514,296
Household_217,Household,213,23,1.643,58,25,322,174.66,68.60900000000001,49.587999999999994,5.0,297.0305221496181,296
Household_218,Household,262,19,1.357,30,36,524,214.83999999999997,56.677,80.696,7.2,351.1228308034163,296
Household_219,Household,393,18,1.286,50,27,403,322.26,53.694,62.062000000000005,5.4,430.75259494374296,296
Household_220,Household,378,11,0.786,48,25,433,309.96,32.813,66.682,5.0,413.87516052567764,296
Household_221,Household,266,11,0.786,48,27,341,218.11999999999998,32.813,52.514,5.4,304.36319780946116,296
Household_222,Household,391,24,1.714,44,34,456,320.62,71.592,70.224,6.800000000000001,489.336092893,296
Household_223,Household,232,24,1.714,59,26,456,190.23999999999998,71.592,70.224,5.2,354.9546242067696,296
Household_224,Household,237,29,2.071,30,24,588,194.33999999999997,86.507,90.552,4.800000000000001,365.85527172076405,296
Household_225,Household,395,26,1.857,31,29,304,323.9,77.558,46.815999999999995,5.800000000000001,446.9663989645082,296
Household_226,Household,322,14,1.0,30,25,458,264.03999999999996,41.762,70.53200000000001,5.0,382.0717010788688,296
Household_227,Household,246,8,0.571,42,39,483,201.72,23.864,74.382,7.800000000000001,321.73826422558767,296
Household_228,Household,214,12,0.857,34,34,472,175.48,35.796,72.688,6.800000000000001,291.3341313637105,296
Household_229,Household,329,23,1.643,48,23,591,269.78,68.60900000000001,91.014,4.6000000000000005,427.5305936201196,296
Household_230,Household,225,15,1.071,56,24,447,184.5,44.745000000000005,68.83800000000001,4.800000000000001,302.2941819009728,296
Household_231,Household,210,14,1.0,37,25,433,172.2,41.762,66.682,5.0,279.35915136103955,296
Household_232,Household,399,27,1.929,44,33,517,327.18,80.541,79.61800000000001,6.6000000000000005,499.96377209439487,296
Household_233,Household,340,12,0.857,59,37,410,278.8,35.796,63.14,7.4,378.0456628833529,296
Household_234,Household,303,15,1.071,41,31,432,248.45999999999998,44.745000000000005,66.528,6.2,360.8286394757303,296
Household_235,Household,319,9,0.643,37,29,391,261.58,26.847,60.214,5.800000000000001,366.06033813456094,296
Household_236,Household,230,30,2.143,38,38,328,188.6,89.49000000000001,50.512,7.6000000000000005,328.5183505268593,296
Household_237,Household,239,13,0.929,51,30,556,195.98,38.779,85.62400000000001,6.0,311.92171967439833,296
Household_238,Household,245,9,0.643,50,33,481,200.89999999999998,26.847,74.07400000000001,6.6000000000000005,309.3709375135631,296
Household_239,Household,256,5,0.357,60,38,448,209.92,14.915000000000001,68.992,7.6000000000000005,297.8222659579541,296
Household_240,Household,374,13,0.929,50,28,501,306.68,38.779,77.154,5.6000000000000005,433.32715500929953,296
Household_241,Household,379,29,2.071,50,28,590,310.78,86.507,90.86000000000001,5.6000000000000005,496.9217193473109,296
Household_242,Household,262,24,1.714,54,30,593,214.83999999999997,71.592,91.322,6.0,383.43481505356635,296
Household_243,Household,329,11,0.786,47,21,316,269.78,32.813,48.664,4.2,354.8465657453,296
Household_244,Household,327,15,1.071,56,31,550,268.14,44.745000000000005,84.7,6.2,396.4264155067716,296
Household_245,Household,378,26,1.857,53,26,479,309.96,77.558,73.766,5.2,467.3174707099324,296
Household_246,Household,397,25,1.786,53,20,476,325.53999999999996,74.575,73.304,4.0,486.2318478143277,296
Household_247,Household,228,15,1.071,51,37,348,186.95999999999998,44.745000000000005,53.592,7.4,282.9625325860052,296
Household_248,Household,398,21,1.5,49,28,476,326.35999999999996,62.643,73.304,5.6000000000000005,467.8530262363846,296
Household_249,Household,347,26,1.857,51,27,348,284.53999999999996,77.558,53.592,5.4,431.473887557346,296
Household_250,Household,270,5,0.357,42,38,510,221.39999999999998,14.915000000000001,78.54,7.6000000000000005,327.50924093216696,296
Household_251,Household,261,21,1.5,42,35,318,214.01999999999998,62.643,48.972,7.0,345.7297289635071,296
Household_252,Household,217,5,0.357,43,38,474,177.94,14.915000000000001,72.99600000000001,7.6000000000000005,267.76957670165666,296
Household_253,Household,393,26,1.857,57,36,413,322.26,77.558,63.602000000000004,7.2,452.3123155160513,296
Household_254,Household,365,23,1.643,60,23,563,299.29999999999995,68.60900000000001,86.702,4.6000000000000005,461.21751803955686,296
Household_255,Household,356,27,1.929,36,22,587,291.91999999999996,80.541,90.398,4.4,470.88470815026477,296
Household_256,Household,209,14,1.0,48,33,461,171.38,41.762,70.994,6.6000000000000005,304.42021954472676,296
Household_257,Household,323,5,0.357,52,37,307,264.85999999999996,14.915000000000001,47.278,7.4,346.3344573470698,296
Household_258,Household,264,29,2.071,52,22,554,216.48,86.507,85.31599999999999,4.4,398.0704362301245,296
Household_259,Household,271,26,1.857,54,34,528,222.22,77.558,81.31200000000001,6.800000000000001,395.5439021417044,296
Household_260,Household,266,23,1.643,30,34,563,218.11999999999998,68.60900000000001,86.702,6.800000000000001,378.3127854179336,296
Household_261,Household,361,7,0.5,53,33,587,296.02,20.881,90.398,6.6000000000000005,401.7078538868078,296
Household_262,Household,319,18,1.286,40,35,464,261.58,53.694,71.456,7.0,394.9072121738091,296
Household_263,Household,381,25,1.786,43,35,306,312.41999999999996,74.575,47.123999999999995,7.0,450.9447346362777,296
Household_264,Household,273,11,0.786,30,40,446,223.85999999999999,32.813,68.684,8.0,339.92060869828543,296
Household_265,Household,311,23,1.643,33,37,301,255.01999999999998,68.60900000000001,46.354,7.4,385.7210733915936,296
Household_266,Household,328,19,1.357,34,39,310,268.96,56.677,47.74,7.800000000000001,376.89944312953253,296
Household_267,Household,329,7,0.5,52,31,319,269.78,20.881,49.126,6.2,343.3315316198157,296
Household_268,Household,204,9,0.643,35,28,525,167.28,26.847,80.85000000000001,5.6000000000000005,285.4112548811461,296
Household_269,Household,252,16,1.143,32,39,579,206.64,47.728,89.16600000000001,7.800000000000001,345.86892605491244,296
Household_270,Household,280,14,1.0,59,33,514,229.6,41.762,79.156,6.6000000000000005,351.96082930066996,296
Household_271,Household,327,21,1.5,47,38,508,268.14,62.643,78.232,7.6000000000000005,419.59482236377454,296
Household_272,Household,213,13,0.929,37,21,536,174.66,38.779,82.54400000000001,4.2,307.7920474315691,296
Household_273,Household,224,11,0.786,38,30,303,183.67999999999998,32.813,46.662,6.0,267.15971326670586,296
Household_274,Household,353,30,2.143,58,32,397,289.46,89.49000000000001,61.138,6.4,434.85610538946355,296
Household_275,Household,236,15,1.071,35,37,427,193.51999999999998,44.745000000000005,65.758,7.4,304.06496084957166,296
Household_276,Household,284,14,1.0,33,28,333,232.88,41.762,51.282,5.6000000000000005,333.560720848931,296
Household_277,Household,216,9,0.643,54,25,375,177.11999999999998,26.847,57.75,5.0,268.6322096386596,296
Household_278,Household,286,25,1.786,39,40,326,234.51999999999998,74.575,50.204,8.0,369.71138137655345,296
Household_279,Household,256,10,0.714,56,27,397,209.92,29.830000000000002,61.138,5.4,311.5009529059575,296
Household_280,Household,211,17,1.214,54,40,472,173.01999999999998,50.711,72.688,8.0,304.4771055854245,296
Household_281,Household,344,30,2.143,50,33,363,282.08,89.49000000000001,55.902,6.6000000000000005,436.7225604484031,296
Household_282,Household,329,26,1.857,40,20,480,269.78,77.558,73.92,4.0,424.8077317717113,296
Household_283,Household,235,23,1.643,55,40,566,192.7,68.60900000000001,87.164,8.0,367.96033482929437,296
Household_284,Household,239,15,1.071,33,36,486,195.98,44.745000000000005,74.844,7.2,337.09242031217497,296
Household_285,Household,238,12,0.857,32,21,354,195.16,35.796,54.516000000000005,4.2,277.78188717619963,296
Household_286,Household,310,28,2.0,51,24,588,254.2,83.524,90.552,4.800000000000001,430.5234805789775,296
Household_287,Household,235,19,1.357,49,38,526,192.7,56.677,81.004,7.6000000000000005,338.30824491540704,296
Household_288,Household,280,17,1.214,40,21,500,229.6,50.711,77.00000000000001,4.2,358.84185287985673,296
Household_289,Household,353,6,0.429,50,28,500,289.46,17.898,77.00000000000001,5.6000000000000005,407.8872259133088,296
Household_290,Household,239,21,1.5,30,30,403,195.98,62.643,62.062000000000005,6.0,328.92455278089733,296
Household_291,Household,241,29,2.071,36,22,430,197.61999999999998,86.507,66.22,4.4,346.6932817294965,296
Household_292,Household,307,16,1.143,48,25,311,251.73999999999998,47.728,47.894000000000005,5.0,358.3264233956067,296
Household_293,Household,218,9,0.643,41,36,316,178.76,26.847,48.664,7.2,264.18074538846196,296
Household_294,Household,273,29,2.071,52,36,311,223.85999999999999,86.507,47.894000000000005,7.2,368.5029291955342,296
Household_295,Household,261,20,1.429,53,38,563,214.01999999999998,59.660000000000004,86.702,7.6000000000000005,386.0607615879919,296
Household_296,Household,348,21,1.5,52,24,497,285.35999999999996,62.643,76.538,4.800000000000001,432.84885175754806,296
Household_297,Household,399,29,2.071,47,31,442,327.18,86.507,68.068,6.2,484.91838476126003,296
Household_298,Household,258,30,2.143,38,32,325,211.55999999999997,89.49000000000001,50.050000000000004,6.4,337.94723573689896,296
Household_299,Household,246,14,1.0,45,26,581,201.72,41.762,89.474,5.2,336.5020098185649,296
Household_300,Household,285,30,2.143,36,33,416,233.7,89.49000000000001,64.06400000000001,6.6000000000000005,406.91369917327194,296
Household_301,Household,206,13,0.929,48,35,514,168.92,38.779,79.156,7.0,292.9433088044382,296
Household_302,Household,281,24,1.714,36,22,402,230.42,71.592,61.908,4.4,345.91950101480495,296
Household_303,Household,216,18,1.286,60,22,407,177.11999999999998,53.694,62.678,4.4,292.9083760780755,296
Household_304,Household,387,17,1.214,31,22,592,317.34,50.711,91.168,4.4,473.5458853891279,296
Household_305,Household,370,12,0.857,55,31,338,303.4,35.796,52.05200000000001,6.2,402.90617174562016,296
Household_306,Household,214,28,2.0,46,23,509,175.48,83.524,78.386,4.6000000000000005,333.59119103489263,296
Household_307,Household,360,20,1.429,42,29,407,295.2,59.660000000000004,62.678,5.800000000000001,417.68515223600923,296
Household_308,Household,325,6,0.429,52,22,469,266.5,17.898,72.226,4.4,356.91691340897586,296
Household_309,Household,233,27,1.929,42,32,573,191.06,80.541,88.242,6.4,359.6158622813707,296
Household_310,Household,359,7,0.5,56,26,328,294.38,20.881,50.512,5.2,350.67626132260415,296
Household_311,Household,389,21,1.5,58,40,535,318.97999999999996,62.643,82.39,8.0,479.6489110061985,296
Household_312,Household,384,20,1.429,53,31,538,314.88,59.660000000000004,82.852,6.2,476.16259956689095,296
Household_313,Household,320,14,1.0,59,26,364,262.4,41.762,56.056,5.2,350.23351056035256,296
Household_314,Household,376,7,0.5,42,33,457,308.32,20.881,70.378,6.6000000000000005,418.6175293258632,296
Household_315,Household,267,22,1.571,59,24,452,218.94,65.626,69.608,4.800000000000001,357.94376798602786,296
Household_316,Household,375,5,0.357,50,33,372,307.5,14.915000000000001,57.288000000000004,6.6000000000000005,398.5543234816788,296
Household_317,Household,342,21,1.5,54,23,439,280.44,62.643,67.606,4.6000000000000005,415.66850436290446,296
Household_318,Household,386,30,2.143,34,24,497,316.52,89.49000000000001,76.538,4.800000000000001,488.7034459215863,296
Household_319,Household,238,28,2.0,60,33,310,195.16,83.524,47.74,6.6000000000000005,336.74834646982214,296
Household_320,Household,261,17,1.214,31,26,351,214.01999999999998,50.711,54.053999999999995,5.2,316.08433674864716,296
Household_321,Household,203,12,0.857,49,40,542,166.45999999999998,35.796,83.468,8.0,305.6707414432802,296
Household_322,Household,309,14,1.0,40,21,517,253.38,41.762,79.61800000000001,4.2,367.74619361925215,296
Household_323,Household,368,21,1.5,55,22,561,301.76,62.643,86.394,4.4,451.1763325548333,296
Household_324,Household,204,9,0.643,51,34,514,167.28,26.847,79.156,6.800000000000001,285.3256467764317,296
Household_325,Household,376,13,0.929,32,39,540,308.32,38.779,83.16,7.800000000000001,432.9670475951454,296
Household_326,Household,260,14,1.0,32,37,361,213.2,41.762,55.594,7.4,325.7313124081494,296
Household_327,Household,344,28,2.0,32,22,568,282.08,83.524,87.47200000000001,4.4,471.23466173183954,296
Household_328,Household,319,19,1.357,54,28,367,261.58,56.677,56.518,5.6000000000000005,390.50046001053835,296
Household_329,Household,341,9,0.643,31,30,404,279.62,26.847,62.216,6.0,355.32184686321375,296
Household_330,Household,383,7,0.5,56,28,494,314.06,20.881,76.076,5.6000000000000005,417.87546969619365,296
Household_331,Household,352,6,0.429,41,29,308,288.64,17.898,47.432,5.800000000000001,370.05682610696397,296
Household_332,Household,239,29,2.071,34,30,525,195.98,86.507,80.85000000000001,6.0,356.16951153177945,296
Household_333,Household,323,19,1.357,35,27,550,264.85999999999996,56.677,84.7,5.4,418.8731058722887,296
Household_334,Household,332,20,1.429,55,37,336,272.24,59.660000000000004,51.744,7.4,397.7186078163931,296
Household_335,Household,259,20,1.429,42,24,380,212.38,59.660000000000004,58.519999999999996,4.800000000000001,323.2391010806174,296
Household_336,Household,313,12,0.857,42,38,485,256.65999999999997,35.796,74.69000000000001,7.6000000000000005,383.0883266574016,296
Household_337,Household,266,28,2.0,37,21,339,218.11999999999998,83.524,52.206,4.2,360.7769779352994,296
Household_338,Household,290,17,1.214,42,20,561,237.79999999999998,50.711,86.394,4.0,385.40881788721265,296
Household_339,Household,346,20,1.429,37,20,358,283.71999999999997,59.660000000000004,55.132000000000005,4.0,392.8488761423487,296
Household_340,Household,258,20,1.429,38,32,344,211.55999999999997,59.660000000000004,52.976,6.4,332.0973611637138,296
Household_341,Household,288,25,1.786,39,23,490,236.16,74.575,75.46,4.6000000000000005,373.7462144586768,296
Household_342,Household,354,10,0.714,57,26,432,290.28,29.830000000000002,66.528,5.2,369.06808792466944,296
Household_343,Household,244,30,2.143,54,38,330,200.07999999999998,89.49000000000001,50.82,7.6000000000000005,349.3982842652775,296
Household_344,Household,222,14,1.0,39,30,457,182.04,41.762,70.378,6.0,311.1859760676131,296
Household_345,Household,238,22,1.571,33,21,505,195.16,65.626,77.77,4.2,345.2853681426508,296
Household_346,Household,276,16,1.143,36,21,523,226.32,47.728,80.542,4.2,358.1555393605586,296
Household_347,Household,212,18,1.286,56,36,532,173.84,53.694,81.92800000000001,7.2,314.78665879945123,296
Household_348,Household,216,12,0.857,60,21,487,177.11999999999998,35.796,74.998,4.2,282.6883460855693,296
Household_349,Household,391,28,2.0,42,22,373,320.62,83.524,57.442,4.4,463.76739096204693,296
Household_350,Household,262,19,1.357,59,24,577,214.83999999999997,56.677,88.858,4.800000000000001,369.39184468264443,296
Household_351,Household,395,24,1.714,33,37,518,323.9,71.592,79.77199999999999,7.4,478.31177767199364,296
Household_352,Household,391,21,1.5,41,36,492,320.62,62.643,75.768,7.2,473.73686853835784,296
Household_353,Household,221,30,2.143,53,37,569,181.22,89.49000000000001,87.62599999999999,7.4,367.695750338646,296
Household_354,Household,391,19,1.357,58,31,463,320.62,56.677,71.302,6.2,457.9687941777341,296
Household_355,Household,379,16,1.143,36,30,332,310.78,47.728,51.128,6.0,424.52262753550957,296
Household_356,Household,333,19,1.357,44,38,357,273.06,56.677,54.978,7.6000000000000005,387.04744567345017,296
Household_357,Household,225,6,0.429,43,21,584,184.5,17.898,89.93599999999999,4.2,303.1278058618695,296
Household_358,Household,203,21,1.5,32,32,338,166.45999999999998,62.643,52.05200000000001,6.4,283.6902328274802,296
Household_359,Household,214,27,1.929,58,30,587,175.48,80.541,90.398,6.0,355.8141448381884,296
Household_360,Household,329,19,1.357,43,39,321,269.78,56.677,49.434,7.800000000000001,377.2332864936343,296
Household_361,Household,226,7,0.5,46,31,391,185.32,20.881,60.214,6.2,263.5079617693526,296
Household_362,Household,220,19,1.357,45,24,383,180.39999999999998,56.677,58.982000000000006,4.800000000000001,301.77764745648494,296
Household_363,Household,205,23,1.643,54,24,556,168.1,68.60900000000001,85.62400000000001,4.800000000000001,308.2809994797889,296
Household_364,Household,257,10,0.714,44,21,462,210.73999999999998,29.830000000000002,71.14800000000001,4.2,312.95532556491116,296
Household_365,Household,263,21,1.5,54,31,573,215.66,62.643,88.242,6.2,356.6812299439082,296
Household_366,Household,214,16,1.143,45,27,359,175.48,47.728,55.286,5.4,291.68634034313607,296
Household_367,Household,373,29,2.071,46,40,307,305.85999999999996,86.507,47.278,8.0,458.1461059610891,296
Household_368,Household,278,18,1.286,47,39,498,227.95999999999998,53.694,76.69200000000001,7.800000000000001,357.50648778579193,296
Household_369,Household,330,16,1.143,50,22,345,270.59999999999997,47.728,53.13,4.4,380.1411296247349,296
Household_370,Household,214,29,2.071,59,33,572,175.48,86.507,88.088,6.6000000000000005,365.66635713687486,296
Household_371,Household,325,16,1.143,49,23,308,266.5,47.728,47.432,4.6000000000000005,375.28469222501786,296
Household_372,Household,365,20,1.429,54,40,416,299.29999999999995,59.660000000000004,64.06400000000001,8.0,433.1685083397164,296
Household_373,Household,329,28,2.0,37,30,363,269.78,83.524,55.902,6.0,422.54904675561494,296
Household_374,Household,271,25,1.786,47,37,394,222.22,74.575,60.676,7.4,358.37768688079603,296
Household_375,Household,365,15,1.071,42,20,401,299.29999999999995,44.745000000000005,61.754000000000005,4.0,410.6302246565668,296
Household_376,Household,368,12,0.857,40,38,387,301.76,35.796,59.598000000000006,7.6000000000000005,400.08296593209224,296
Household_377,Household,240,21,1.5,41,33,459,196.79999999999998,62.643,70.686,6.6000000000000005,329.3911202621464,296
Household_378,Household,279,26,1.857,51,39,460,228.77999999999997,77.558,70.84,7.800000000000001,385.3386339146963,296
Household_379,Household,367,22,1.571,57,20,301,300.94,65.626,46.354,4.0,420.39530376158075,296
Household_380,Household,232,13,0.929,42,20,376,190.23999999999998,38.779,57.904,4.0,302.5580876795499,296
Household_381,Household,315,30,2.143,51,26,493,258.3,89.49000000000001,75.922,5.2,431.5635552729889,296
Household_382,Household,365,11,0.786,55,33,421,299.29999999999995,32.813,64.834,6.6000000000000005,409.9663053496155,296
Household_383,Household,342,6,0.429,39,31,422,280.44,17.898,64.988,6.2,376.0588317324954,296
Household_384,Household,333,13,0.929,35,28,522,273.06,38.779,80.38799999999999,5.6000000000000005,424.7023436569696,296
Household_385,Household,359,13,0.929,47,31,563,294.38,38.779,86.702,6.2,407.9606759672742,296
Household_386,Household,271,22,1.571,57,39,410,222.22,65.626,63.14,7.800000000000001,351.90666133162824,296
Household_387,Household,326,11,0.786,40,39,507,267.32,32.813,78.07799999999999,7.800000000000001,400.75156052488074,296
Household_388,Household,331,10,0.714,55,22,426,271.41999999999996,29.830000000000002,65.604,4.4,367.7338692514652,296
Household_389,Household,240,14,1.0,43,30,311,196.79999999999998,41.762,47.894000000000005,6.0,301.3140313760172,296
Household_390,Household,286,16,1.143,42,32,542,234.51999999999998,47.728,83.468,6.4,374.4160952376283,296
Household_391,Household,321,23,1.643,52,33,472,263.21999999999997,68.60900000000001,72.688,6.6000000000000005,432.16902401208006,296
Household_392,Household,335,27,1.929,50,38,599,274.7,80.541,92.246,7.6000000000000005,443.95645572936286,296
Household_393,Household,281,10,0.714,47,38,449,230.42,29.830000000000002,69.146,7.6000000000000005,349.21400552518816,296
Household_394,Household,236,28,2.0,38,22,501,193.51999999999998,83.524,77.154,4.4,376.09381305272495,296
Household_395,Household,234,26,1.857,60,34,512,191.88,77.558,78.848,6.800000000000001,344.94181122832003,296
Household_396,Household,358,30,2.143,58,39,592,293.56,89.49000000000001,91.168,7.800000000000001,489.8467024358135,296
Household_397,Household,203,16,1.143,59,39,451,166.45999999999998,47.728,69.45400000000001,7.800000000000001,281.78702014170943,296
Household_398,Household,249,21,1.5,48,28,549,204.17999999999998,62.643,84.546,5.6000000000000005,357.27061572535126,296
Household_399,Household,316,6,0.429,33,21,561,259.12,17.898,86.394,4.2,365.0461206981783,296
Household_400,Household,238,14,1.0,48,38,485,195.16,41.762,74.69000000000001,7.6000000000000005,295.1844606510032,296
Household_401,Household,324,16,1.143,32,32,317,265.68,47.728,48.818,6.4,372.86834259711895,296
Household_402,Household,239,25,1.786,44,20,581,195.98,74.575,89.474,4.0,365.4623916760623,296
Household_403,Household,207,8,0.571,45,29,313,169.73999999999998,23.864,48.202000000000005,5.800000000000001,262.3967897340576,296
Household_404,Household,277,6,0.429,52,24,340,227.14,17.898,52.36000000000001,4.800000000000001,308.3094365464954,296
Household_405,Household,261,26,1.857,57,34,313,214.01999999999998,77.558,48.202000000000005,6.800000000000001,369.4888392407876,296
Household_406,Household,283,6,0.429,36,25,444,232.05999999999997,17.898,68.376,5.0,324.4044238207871,296
Household_407,Household,322,29,2.071,54,21,462,264.03999999999996,86.507,71.14800000000001,4.2,424.8396994799769,296
Household_408,Household,204,5,0.357,37,31,463,167.28,14.915000000000001,71.302,6.2,257.853433492829,296
Household_409,Household,244,27,1.929,44,30,309,200.07999999999998,80.541,47.586000000000006,6.0,329.81111288968225,296
Household_410,Household,394,26,1.857,43,35,392,323.08,77.558,60.368,7.0,445.92849083617426,296
Household_411,Household,209,16,1.143,59,28,556,171.38,47.728,85.62400000000001,5.6000000000000005,308.13005372992046,296
Household_412,Household,332,24,1.714,37,30,300,272.24,71.592,46.2,6.0,375.3534527356401,296
Household_413,Household,256,26,1.857,49,30,474,209.92,77.558,72.99600000000001,6.0,370.99433344585776,296
Household_414,Household,364,21,1.5,46,31,455,298.47999999999996,62.643,70.07,6.2,424.9923970752941,296
Household_415,Household,310,19,1.357,35,31,550,254.2,56.677,84.7,6.2,392.83367376911576,296
Household_416,Household,388,24,1.714,47,33,429,318.15999999999997,71.592,66.066,6.6000000000000005,455.7238980516745,296
Household_417,Household,400,9,0.643,49,20,418,328.0,26.847,64.372,4.0,421.16964962186756,296
Household_418,Household,234,10,0.714,34,40,358,191.88,29.830000000000002,55.132000000000005,8.0,284.91068254939034,296
Household_419,Household,268,5,0.357,46,38,505,219.76,14.915000000000001,77.77,7.6000000000000005,330.88979583073075,296
Household_420,Household,211,14,1.0,49,40,541,173.01999999999998,41.762,83.31400000000001,8.0,300.32069906492444,296
Household_421,Household,242,6,0.429,54,37,584,198.44,17.898,89.93599999999999,7.4,318.47546136222365,296
Household_422,Household,384,11,0.786,60,34,477,314.88,32.813,73.458,6.800000000000001,455.25967233223565,296
Household_423,Household,350,16,1.143,35,39,450,287.0,47.728,69.3,7.800000000000001,415.60150702763235,296
Household_424,Household,327,17,1.214,49,35,533,268.14,50.711,82.082,7.0,406.12810211068364,296
Household_425,Household,323,27,1.929,37,37,428,264.85999999999996,80.541,65.912,7.4,410.921483480717,296
Household_426,Household,207,10,0.714,34,34,385,169.73999999999998,29.830000000000002,59.290000000000006,6.800000000000001,263.71668454579674,296
Household_427,Household,374,6,0.429,30,30,413,306.68,17.898,63.602000000000004,6.0,385.31779656390603,296
Household_428,Household,344,30,2.143,37,34,531,282.08,89.49000000000001,81.774,6.800000000000001,462.83061426683776,296
Household_429,Household,312,16,1.143,56,27,588,255.83999999999997,47.728,90.552,5.4,400.5554413863939,296
Household_430,Household,200,23,1.643,60,35,441,164.0,68.60900000000001,67.914,7.0,285.9008077908221,296
Household_431,Household,252,20,1.429,34,28,389,206.64,59.660000000000004,59.906,5.6000000000000005,331.62041994233937,296
Household_432,Household,389,6,0.429,47,25,362,318.97999999999996,17.898,55.748,5.0,408.3874631264001,296
Household_433,Household,272,5,0.357,38,35,568,223.04,14.915000000000001,87.47200000000001,7.0,328.43588147797254,296
Household_434,Household,272,25,1.786,42,28,397,223.04,74.575,61.138,5.6000000000000005,357.8240322758844,296
Household_435,Household,324,10,0.714,43,23,401,265.68,29.830000000000002,61.754000000000005,4.6000000000000005,348.0869922688315,296
Household_436,Household,218,10,0.714,31,37,578,178.76,29.830000000000002,89.012,7.4,286.42207958375593,296
Household_437,Household,282,17,1.214,40,20,388,231.23999999999998,50.711,59.752,4.0,354.01649267063254,296
Household_438,Household,342,5,0.357,41,26,442,280.44,14.915000000000001,68.068,5.2,366.808216704208,296
Household_439,Household,348,23,1.643,57,20,523,285.35999999999996,68.60900000000001,80.542,4.0,446.2312156200342,296
Household_440,Household,234,16,1.143,35,30,409,191.88,47.728,62.986,6.0,323.9072374457947,296
Household_441,Household,273,6,0.429,43,28,302,223.85999999999999,17.898,46.508,5.6000000000000005,303.0784768491034,296
Household_442,Household,284,30,2.143,37,35,416,232.88,89.49000000000001,64.06400000000001,7.0,388.01027678561206,296
Household_443,Household,353,29,2.071,41,24,592,289.46,86.507,91.168,4.800000000000001,473.38367664657557,296
Household_444,Household,243,8,0.571,44,30,320,199.26,23.864,49.28,6.0,272.2562713484308,296
Household_445,Household,350,15,1.071,52,35,416,287.0,44.745000000000005,64.06400000000001,7.0,395.7261153739834,296
Household_446,Household,323,19,1.357,54,23,502,264.85999999999996,56.677,77.308,4.6000000000000005,406.8731516240262,296
Household_447,Household,250,19,1.357,33,40,440,205.0,56.677,67.76,8.0,329.1140611688183,296
Household_448,Household,218,6,0.429,43,23,351,178.76,17.898,54.053999999999995,4.6000000000000005,233.22048380911298,296
Household_449,Household,226,19,1.357,57,22,435,185.32,56.677,66.99,4.4,304.5055210427262,296
Household_450,Household,343,14,1.0,33,37,301,281.26,41.762,46.354,7.4,373.7071885131262,296
Household_451,Household,376,17,1.214,33,30,562,308.32,50.711,86.548,6.0,466.7929849783192,296
Household_452,Household,294,16,1.143,39,26,458,241.07999999999998,47.728,70.53200000000001,5.2,359.6306255012864,296
Household_453,Household,270,28,2.0,46,29,597,221.39999999999998,83.524,91.938,5.800000000000001,407.78124091029275,296
Household_454,Household,383,8,0.571,49,23,562,314.06,23.864,86.548,4.6000000000000005,427.3889176603793,296
Household_455,Household,253,5,0.357,41,32,346,207.45999999999998,14.915000000000001,53.284,6.4,294.3230514387038,296
Household_456,Household,322,17,1.214,52,40,513,264.03999999999996,50.711,79.00200000000001,8.0,413.3239638546396,296
Household_457,Household,336,30,2.143,38,34,309,275.52,89.49000000000001,47.586000000000006,6.800000000000001,431.1577510523992,296
Household_458,Household,321,29,2.071,58,29,371,263.21999999999997,86.507,57.134,5.800000000000001,395.3211647058265,296
Household_459,Household,351,20,1.429,46,24,367,287.82,59.660000000000004,56.518,4.800000000000001,410.86524047245,296
Household_460,Household,249,28,2.0,48,23,359,204.17999999999998,83.524,55.286,4.6000000000000005,355.1793860012194,296
Household_461,Household,366,14,1.0,54,37,463,300.12,41.762,71.302,7.4,424.39938562589333,296
Household_462,Household,382,22,1.571,34,34,348,313.24,65.626,53.592,6.800000000000001,445.6239632582183,296
Household_463,Household,307,6,0.429,30,40,449,251.73999999999998,17.898,69.146,8.0,347.36751004285475,296
Household_464,Household,375,9,0.643,44,22,459,307.5,26.847,70.686,4.4,401.98515793273475,296
Household_465,Household,210,14,1.0,38,33,376,172.2,41.762,57.904,6.6000000000000005,261.4950261501375,296
Household_466,Household,384,29,2.071,31,22,562,314.88,86.507,86.548,4.4,485.87930571351524,296
Household_467,Household,284,22,1.571,32,29,424,232.88,65.626,65.29599999999999,5.800000000000001,396.3830987363839,296
Household_468,Household,366,13,0.929,46,30,579,300.12,38.779,89.16600000000001,6.0,429.2084882390933,296
Household_469,Household,387,18,1.286,48,23,517,317.34,53.694,79.61800000000001,4.6000000000000005,435.65809773909257,296
Household_470,Household,301,14,1.0,36,32,335,246.82,41.762,51.589999999999996,6.4,353.8984936072908,296
Household_471,Household,296,8,0.571,32,28,435,242.72,23.864,66.99,5.6000000000000005,347.7286000868265,296
Household_472,Household,296,10,0.714,38,26,495,242.72,29.830000000000002,76.23,5.2,366.8532439015214,296
Household_473,Household,212,21,1.5,57,21,304,173.84,62.643,46.815999999999995,4.2,292.20878503706774,296
Household_474,Household,371,25,1.786,37,25,499,304.21999999999997,74.575,76.846,5.0,469.09701514466946,296
Household_475,Household,249,7,0.5,51,31,357,204.17999999999998,20.881,54.978,6.2,304.6411713484199,296
Household_476,Household,202,26,1.857,35,21,514,165.64,77.558,79.156,4.2,319.0992650793788,296
Household_477,Household,371,6,0.429,35,36,590,304.21999999999997,17.898,90.86000000000001,7.2,410.73949294576283,296
Household_478,Household,297,27,1.929,59,39,563,243.54,80.541,86.702,7.800000000000001,407.63713460447076,296
Household_479,Household,349,16,1.143,55,23,586,286.18,47.728,90.24400000000001,4.6000000000000005,426.0943041350602,296
Household_480,Household,246,29,2.071,52,35,405,201.72,86.507,62.370000000000005,7.0,371.93122419825164,296
Household_481,Household,389,29,2.071,52,35,311,318.97999999999996,86.507,47.894000000000005,7.0,465.6616836774623,296
Household_482,Household,344,20,1.429,41,27,302,282.08,59.660000000000004,46.508,5.4,398.53491952709214,296
Household_483,Household,343,17,1.214,52,38,403,281.26,50.711,62.062000000000005,7.6000000000000005,383.4399207133528,296
Household_484,Household,317,9,0.643,49,27,547,259.94,26.847,84.238,5.4,369.4931317276358,296
Household_485,Household,307,5,0.357,54,40,383,251.73999999999998,14.915000000000001,58.982000000000006,8.0,315.28042367137965,296
Household_486,Household,397,26,1.857,47,27,530,325.53999999999996,77.558,81.62,5.4,501.8304578932154,296
Household_487,Household,231,5,0.357,50,35,337,189.42,14.915000000000001,51.897999999999996,7.0,279.0894649288573,296
Household_488,Household,341,8,0.571,30,37,536,279.62,23.864,82.54400000000001,7.4,401.2236672724038,296
Household_489,Household,265,13,0.929,50,21,548,217.29999999999998,38.779,84.392,4.2,334.8031395426045,296
Household_490,Household,400,5,0.357,40,22,479,328.0,14.915000000000001,73.766,4.4,435.9012249361579,296
Household_491,Household,389,27,1.929,55,23,561,318.97999999999996,80.541,86.394,4.6000000000000005,487.9824508997479,296
Household_492,Household,362,26,1.857,40,34,400,296.84,77.558,61.6,6.800000000000001,430.65340719247337,296
Household_493,Household,211,19,1.357,46,29,465,173.01999999999998,56.677,71.61,5.800000000000001,297.46295745388306,296
Household_494,Household,281,17,1.214,32,29,457,230.42,50.711,70.378,5.800000000000001,353.0074336440816,296
Household_495,Household,333,7,0.5,45,26,313,273.06,20.881,48.202000000000005,5.2,347.83878520484706,296
Household_496,Household,272,19,1.357,50,22,365,223.04,56.677,56.21,4.4,338.713557883482,296
Household_497,Household,290,6,0.429,32,37,505,237.79999999999998,17.898,77.77,7.4,326.74131581828965,296
Household_498,Household,219,22,1.571,39,21,580,179.57999999999998,65.626,89.32,4.2,350.85916409185637,296
Household_499,Household,253,5,0.357,33,33,409,207.45999999999998,14.915000000000001,62.986,6.6000000000000005,290.45494080563157,296
Household_500,Household,279,26,1.857,43,39,324,228.77999999999997,77.558,49.89600000000001,7.800000000000001,356.8964614372935,296
Household_501,Household,340,25,1.786,31,27,324,278.8,74.575,49.89600000000001,5.4,419.77402361982763,296
Household_502,Household,278,8,0.571,42,31,587,227.95999999999998,23.864,90.398,6.2,336.58793811733466,296
Household_503,Household,327,17,1.214,60,33,319,268.14,50.711,49.126,6.6000000000000005,358.28809816425485,296
Household_504,Household,345,10,0.714,58,30,553,282.9,29.830000000000002,85.162,6.0,416.61687446598734,296
Household_505,Household,329,27,1.929,48,38,304,269.78,80.541,46.815999999999995,7.6000000000000005,423.6508784955034,296
Household_506,Household,361,14,1.0,54,21,566,296.02,41.762,87.164,4.2,424.525039813486,296
Household_507,Household,377,28,2.0,44,28,382,309.14,83.524,58.827999999999996,5.6000000000000005,456.63229992082853,296
Household_508,Household,336,7,0.5,50,28,455,275.52,20.881,70.07,5.6000000000000005,360.60435285479093,296
Household_509,Household,389,18,1.286,48,26,379,318.97999999999996,53.694,58.366,5.2,436.2949255024339,296
Household_510,Household,343,5,0.357,33,23,402,281.26,14.915000000000001,61.908,4.6000000000000005,357.9259473626881,296
Household_511,Household,239,21,1.5,34,26,520,195.98,62.643,80.08,5.2,342.88171559964997,296
Household_512,Household,251,8,0.571,57,25,530,205.82,23.864,81.62,5.0,320.3965838759724,296
Household_513,Household,377,9,0.643,49,22,306,309.14,26.847,47.123999999999995,4.4,376.5295452196915,296
Household_514,Household,354,26,1.857,43,26,528,290.28,77.558,81.31200000000001,5.2,450.7318866076743,296
Household_515,Household,285,9,0.643,59,21,361,233.7,26.847,55.594,4.2,302.3031857822182,296
Household_516,Household,348,26,1.857,35,34,448,285.35999999999996,77.558,68.992,6.800000000000001,435.1601271588671,296
Household_517,Household,337,27,1.929,55,26,364,276.34,80.541,56.056,5.2,417.20265929082996,296
Household_518,Household,212,25,1.786,55,37,512,173.84,74.575,78.848,7.4,336.9528242506108,296
Household_519,Household,380,22,1.571,34,32,459,311.59999999999997,65.626,70.686,6.4,456.7077654036321,296
Household_520,Household,363,21,1.5,32,36,487,297.65999999999997,62.643,74.998,7.2,451.5402275073685,296
Household_521,Household,338,25,1.786,49,40,581,277.15999999999997,74.575,89.474,8.0,433.8123348072667,296
Household_522,Household,395,6,0.429,49,35,551,323.9,17.898,84.854,7.0,418.78922970049706,296
Household_523,Household,281,12,0.857,32,28,520,230.42,35.796,80.08,5.6000000000000005,357.1855793639252,296
Household_524,Household,379,10,0.714,39,40,341,310.78,29.830000000000002,52.514,8.0,380.7343872299458,296
Household_525,Household,340,21,1.5,38,36,419,278.8,62.643,64.526,7.2,415.00200212104994,296
Household_526,Household,336,13,0.929,30,21,359,275.52,38.779,55.286,4.2,361.982070604101,296
Household_527,Household,247,5,0.357,39,37,531,202.54,14.915000000000001,81.774,7.4,322.3571464091718,296
Household_528,Household,220,15,1.071,52,21,563,180.39999999999998,44.745000000000005,86.702,4.2,318.55152407727775,296
